canonical,alias
KEYSIGHT,AGILENT
KEYSIGHT,AGILENT TECHNOLOGIES
KEYSIGHT,HEWLETT PACKARD
KEYSIGHT,HEWLETT-PACKARD
KEYSIGHT,H-P
KEYSIGHT,H P
KEYSIGHT,HP
KEYSIGHT,HP/AGILENT
KEYSIGHT,HP-AGILENT
TEKTRONIX,TEK
KEITHLEY,TEKTRONIX KEITHLEY
KEITHLEY,KEITHLEY INSTRUMENTS
ROHDE & SCHWARZ,R&S
ROHDE & SCHWARZ,ROHDE AND SCHWARZ
ROHDE & SCHWARZ,ROHDE+SCHWARZ
ROHDE & SCHWARZ,R AND S
TELEDYNE LECROY,LECROY
TELEDYNE LECROY,TELEDYNE-LECROY
BK PRECISION,B&K
BK PRECISION,B & K
BK PRECISION,BK
BK PRECISION,B&K PRECISION
BK PRECISION,B K PRECISION
NATIONAL INSTRUMENTS,NI
NATIONAL INSTRUMENTS,NATIONAL INSTRUMENTS (NI)
ANRITSU,WILTRON
VIAVI SOLUTIONS,JDSU
VIAVI SOLUTIONS,JDS UNIPHASE
VIAVI SOLUTIONS,IFR
VIAVI SOLUTIONS,IFR SYSTEMS
VIAVI SOLUTIONS,MARCONI
VIAVI SOLUTIONS,MARCONI INSTRUMENTS
VIAVI SOLUTIONS,AEROFLEX
VIAVI SOLUTIONS,COBHAM
FLUKE,FLUKE CORPORATION
FLUKE CALIBRATION,RUSKA
FLUKE CALIBRATION,HART SCIENTIFIC
FLUKE CALIBRATION,DH INSTRUMENTS
FLUKE CALIBRATION,DHI
FLUKE BIOMEDICAL,RAYSAFE
FLUKE BIOMEDICAL,UNFORS RAYSAFE
FLUKE BIOMEDICAL,METRON
DRUCK,GE DRUCK
DRUCK,GE SENSING
DRUCK,Baker Hughes Druck
DRUCK,BHGE DRUCK
DRUCK,DRUCK LTD
GW INSTEK,GOOD WILL INSTEK
GW INSTEK,GOOD WILL INSTRUMENT
GW INSTEK,INSTEK
AIM-TTI,AIM TTI
AIM-TTI,THURLBY THANDAR
AIM-TTI,TTI
CHROMA,CHROMA ATE
YOKOGAWA,YOKOGAWA ELECTRIC
YOKOGAWA,YOKOGAWA T&M
RIGOL,RIGOL TECHNOLOGIES
SIGLENT,SIGLENT TECHNOLOGIES
PICO TECHNOLOGY,PICO
HIOKI,HIOKI E.E. CORPORATION
STANFORD RESEARCH SYSTEMS,SRS
MEGGER,AVO
MEGGER,BIDDLE
OMEGA ENGINEERING,OMEGA
OMEGA ENGINEERING,OMEGA ENG
TDK-LAMBDA,LAMBDA
TDK-LAMBDA,TDK LAMBDA
KEPCO,KEPCO INC
KEPCO,KEPCO POWER SUPPLIES
MENSOR,WIKA MENSOR
WIKA,WIKA INSTRUMENT
TELEDYNE,TELEDYNE TECHNOLOGIES
